<?xml version="1.0" encoding="UTF-8"?>
<rss version="2.0"
  xmlns:content="http://purl.org/rss/1.0/modules/content/"
  xmlns:dc="http://purl.org/dc/elements/1.1/"
  xmlns:itunes="http://www.itunes.com/dtds/podcast-1.0.dtd"
  xmlns:trackback="http://madskills.com/public/xml/rss/module/trackback/">
  <channel>
    <title>TechBlog</title>
    <link>blog url</link>
    <description>Blogging about tech stuff</description>
    <pubDate>Fri, 03 Jan 2014 00:00:00 -0500</pubDate>
    <item>
      <title>OSX Workstation with Chef</title>
      <link>blog url/2014/01/03/chef.html</link>
      <description>&lt;p&gt;An introduction to Chef through automating the setup of a osx developer workstation.&lt;/p&gt;
</description>
      <pubDate>Fri, 03 Jan 2014 00:00:00 -0500</pubDate>
      <dc:date>2014-01-03T00:00:00-05:00</dc:date>
    </item>
    <item>
      <title>CORS for X-Domain Ajax</title>
      <link>blog url/2014/01/02/cors.html</link>
      <description>&lt;p&gt;When building complex client-side applications, at some point it usually becomes necessary to make Ajax requests to domains other than the one from which your page originated.  This is especially true if you are part of a large enterprise with distributed sub-domained resources.  Up until recently, this had not been possible due to browser-enforced, same-origin security policies for JavaScript.  Over the years, various techniques have been employed to work around this security restriction, such as server-side proxies, JSONP, and iframe proxies using post message.&lt;/p&gt;
</description>
      <pubDate>Thu, 02 Jan 2014 00:00:00 -0500</pubDate>
      <dc:date>2014-01-02T00:00:00-05:00</dc:date>
    </item>
    <item>
      <title>Intro to DevOps</title>
      <link>blog url/2014/01/01/intro-to-dev-ops.html</link>
      <description>&lt;p&gt;To a developer, operations can seem overwhelming, mysterious, and sometimes just boring. &amp;#39;DevOps&amp;#39; is everywhere, but what people are referring to? Is it tools? Is it culture? Is it something one can learn?&lt;/p&gt;
</description>
      <pubDate>Wed, 01 Jan 2014 00:00:00 -0500</pubDate>
      <dc:date>2014-01-01T00:00:00-05:00</dc:date>
    </item>
    <item>
      <title>Blog Feedback</title>
      <link>blog url/2013/12/12/blog-feedback.html</link>
      <description>&lt;p&gt;Feedback on our existing &lt;a href=&quot;http://techblog.constantcontact.com/&quot;&gt;tech blog&lt;/a&gt;.&lt;/p&gt;
</description>
      <pubDate>Thu, 12 Dec 2013 00:00:00 -0500</pubDate>
      <dc:date>2013-12-12T00:00:00-05:00</dc:date>
    </item>
    <dc:date>2014-01-03T00:00:00-05:00</dc:date>
  </channel>
</rss>